<?xml version="1.0" encoding="UTF-8"?>
<project-private xmlns="http://www.netbeans.org/ns/project-private/1">
    <editor-bookmarks xmlns="http://www.netbeans.org/ns/editor-bookmarks/2" lastBookmarkId="0"/>
    <open-files xmlns="http://www.netbeans.org/ns/projectui-open-files/2">
        <group>
            <file>file:/C:/Users/Aluno_Manha/Downloads/SistemaGerenciamento/SistemaGerenciamento/src/sistemagerenciamento/jframes/Login.java</file>
            <file>file:/C:/Users/Aluno_Manha/Downloads/SistemaGerenciamento/SistemaGerenciamento/src/sistemagerenciamento/jframes/View.java</file>
            <file>file:/C:/Users/Aluno_Manha/Downloads/SistemaGerenciamento/SistemaGerenciamento/src/model/Funcionario.java</file>
            <file>file:/C:/Users/Aluno_Manha/Downloads/SistemaGerenciamento/SistemaGerenciamento/src/dao/FuncionarioDAO.java</file>
            <file>file:/C:/Users/Aluno_Manha/Downloads/SistemaGerenciamento/SistemaGerenciamento/src/dao/ClienteDAO.java</file>
            <file>file:/C:/Users/Aluno_Manha/Downloads/SistemaGerenciamento/SistemaGerenciamento/src/model/Atendimento.java</file>
            <file>file:/C:/Users/Aluno_Manha/Downloads/SistemaGerenciamento/SistemaGerenciamento/src/model/Cliente.java</file>
            <file>file:/C:/Users/Aluno_Manha/Downloads/SistemaGerenciamento/SistemaGerenciamento/src/dao/AtendimentoDAO.java</file>
        </group>
    </open-files>
</project-private>
